{
  "auto": true,
  "autoAstObfusJs": true,
  "autoObfusJson": false,
  "defaultConfig": {
    "compact": true,
    "controlFlowFlattening": false,
    "controlFlowFlatteningThreshold": 0.75,
    "deadCodeInjection": false,
    "deadCodeInjectionThreshold": 0.4,
    "debugProtection": true,
    "debugProtectionInterval": true,
    "disableConsoleOutput": true,
    "domainLock": [],
    "identifierNamesGenerator": "mangled",
    "identifiersDictionary": [],
    "identifiersPrefix": "",
    "inputFileName": "",
    "log": false,
    "renameGlobals": true,
    "reservedNames": [],
    "reservedStrings": [],
    "rotateStringArray": true,
    "seed": 0,
    "selfDefending": true,
    "shuffleStringArray": true,
    "sourceMap": false,
    "sourceMapBaseUrl": "",
    "sourceMapFileName": "",
    "sourceMapMode": "separate",
    "splitStrings": false,
    "splitStringsChunkLength": 10,
    "stringArray": true,
    "stringArrayEncoding": true,
    "stringArrayThreshold": 0.75,
    "target": "browser",
    "transformObjectKeys": true,
    "unicodeEscapeSequence": true
  },
  "preset": "self_ob_js"
}